name,category,merchant_name
Unknown Charge 523 Timothymou,Miscellaneous,Unknown
National Grid 824 Aaronville,Utilities,National
PlayStation Store 347 Jennatown,Entertainment,Playstation
CVS Pharmacy 463 Mccartyton,Health,Cvs
Walmart 531 West Jenni,Shopping,Walmart
Comcast 763 New Jasmin,Utilities,Comcast
Unknown Charge 292 Garrisonch,Miscellaneous,Unknown
BP 448 Aguilarshi,Transportation,Bp
Hulu 875 Robertland,Entertainment,Hulu
TripAdvisor 420 Port Jasmi,Travel,Tripadvisor
Spotify 608 Obrienches,Entertainment,Spotify
Dental Office 235 Salazarlan,Health,Dental
Donation 206 New Brenda,Miscellaneous,Donation
Marriott 328 South Alys,Travel,Marriott
CVS Pharmacy 798 North Raym,Health,Cvs
IKEA 171 Kelseyburg,Shopping,Ikea
Expedia 431 Lake Sarah,Travel,Expedia
Xfinity 745 Raymondche,Utilities,Xfinity
Xbox Live 803 Parkerberg,Entertainment,Xbox
Disney+ 332 Fisherboro,Entertainment,Disney+
Twitch 149 Donnabury,Entertainment,Twitch
CVS Pharmacy 948 Lake Jason,Health,Cvs
Urgent Care 597 South Judi,Health,Urgent
Delta Airlines 848 New Kathry,Travel,Delta
Reversal 383 West Heath,Miscellaneous,Reversal
PlayStation Store 522 Danielston,Entertainment,Playstation
Chevron 563 West Norma,Transportation,Chevron
KFC 565 Sethland,Food & Drink,Kfc
Macy's 501 Lake Kimbe,Shopping,Macy's
Interest Credit 340 New Patric,Miscellaneous,Interest
Marriott 528 South Heat,Travel,Marriott
Shell Gas 525 East Rickv,Transportation,Shell
Starbucks 303 North Step,Food & Drink,Starbucks
Health Clinic 415 Kellyside,Health,Health
Uber Airport 330 East Manue,Travel,Uber
Costco 538 South Kath,Shopping,Costco
IKEA 306 West Megan,Shopping,Ikea
Interest Credit 389 West Jonat,Miscellaneous,Interest
Walmart 778 Port Steph,Shopping,Walmart
CashApp 298 Ingramberg,Miscellaneous,Cashapp
Urgent Care 403 Coxside,Health,Urgent
Panda Express 220 Bryanside,Food & Drink,Panda
Xbox Live 547 South Emil,Entertainment,Xbox
Donation 926 Pamelaches,Miscellaneous,Donation
AT&T 104 South Beth,Utilities,At&t
CVS Pharmacy 937 Ricebury,Health,Cvs
Best Buy 482 Lake James,Shopping,Best
Health Clinic 576 East Micha,Health,Health
PlayStation Store 394 Saraberg,Entertainment,Playstation
Airbnb 883 West Eliza,Travel,Airbnb
Disney+ 334 Sarahberg,Entertainment,Disney+
AT&T 169 Stevenshir,Utilities,At&t
CashApp 168 Karenburgh,Miscellaneous,Cashapp
Electric Co. 271 Melanieber,Utilities,Electric
Amazon 430 Travisburg,Shopping,Amazon
PlayStation Store 663 South Sydn,Entertainment,Playstation
Bank Fee 492 Christense,Miscellaneous,Bank
KFC 963 Port Scott,Food & Drink,Kfc
TripAdvisor 622 New Laura,Travel,Tripadvisor
Vision Center 421 Juliashire,Health,Vision
McDonald's 109 Gentryches,Food & Drink,Mcdonald's
CVS Pharmacy 185 West Krist,Health,Cvs
BP 870 Mercadoton,Transportation,Bp
Disney+ 597 East Lorra,Entertainment,Disney+
Lyft 530 Port Pamel,Transportation,Lyft
BP 622 South Eric,Transportation,Bp
McDonald's 809 Robertton,Food & Drink,Mcdonald's
Check Deposit 299 Robertshav,Miscellaneous,Check
Donation 930 East Rober,Miscellaneous,Donation
Interest Credit 812 Reedhaven,Miscellaneous,Interest
Walmart 908 Huntmouth,Shopping,Walmart
Uber 931 North Aman,Transportation,Uber
Netflix 416 Floresmout,Entertainment,Netflix
Dunkin 602 New Ambert,Food & Drink,Dunkin
Xfinity 627 Port Micha,Utilities,Xfinity
Uber Airport 420 Jessicahav,Travel,Uber
Expedia 873 Lake Taylo,Travel,Expedia
Domino's 474 West Ianbu,Food & Drink,Domino's
Etsy 190 North Chri,Shopping,Etsy
AMC Theatres 960 Gutierrezm,Entertainment,Amc
Reversal 493 West Veron,Miscellaneous,Reversal
Vision Center 445 Port Dougl,Health,Vision
McDonald's 171 New Denise,Food & Drink,Mcdonald's
Xbox Live 433 East Nicho,Entertainment,Xbox
Health Clinic 143 East Ashle,Health,Health
GNC 960 Johnsonsta,Health,Gnc
Donation 751 Andrewfurt,Miscellaneous,Donation
CVS Pharmacy 429 West Steph,Health,Cvs
Reversal 868 Williamsto,Miscellaneous,Reversal
National Grid 538 East Mallo,Utilities,National
Airbnb 201 Port Miche,Travel,Airbnb
Airbnb 198 Kingshire,Travel,Airbnb
Unknown Charge 775 Franklinsi,Miscellaneous,Unknown
PG&E 777 North Meli,Utilities,Pg&e
PlayStation Store 169 West Annel,Entertainment,Playstation
Netflix 732 South Step,Entertainment,Netflix
AMC Theatres 950 Brendatown,Entertainment,Amc
Vision Center 383 Moniquefur,Health,Vision
AMC Theatres 101 Johnsonvie,Entertainment,Amc
Spotify 390 Flemingfur,Entertainment,Spotify
Disney+ 785 Josephburg,Entertainment,Disney+
United Airlines 722 Hahntown,Travel,United
Check Deposit 310 Lake Sarac,Miscellaneous,Check
Twitch 770 Lyonsland,Entertainment,Twitch
ExxonMobil 196 New Sarah,Transportation,Exxonmobil
Starbucks 689 West Micha,Food & Drink,Starbucks
Etsy 186 Washington,Shopping,Etsy
Macy's 205 West Eric,Shopping,Macy's
Panda Express 432 New Angela,Food & Drink,Panda
Dunkin 713 North Migu,Food & Drink,Dunkin
Walmart 933 North John,Shopping,Walmart
Lyft 772 Millerfort,Transportation,Lyft
Amtrak 350 Lake Ricky,Transportation,Amtrak
Disney+ 312 New Daniel,Entertainment,Disney+
Electric Co. 379 West Yolan,Utilities,Electric
T-Mobile 806 North Adam,Utilities,T-mobile
Health Clinic 248 New John,Health,Health
Hulu 655 Simmonsfor,Entertainment,Hulu
Lyft 460 Cooperfort,Transportation,Lyft
GNC 549 Lake Lauri,Health,Gnc
Macy's 723 Perezview,Shopping,Macy's
Starbucks 373 New Robert,Food & Drink,Starbucks
TripAdvisor 554 Anthonymou,Travel,Tripadvisor
Verizon 825 Elizabethb,Utilities,Verizon
Bank Fee 609 Lake Jason,Miscellaneous,Bank
Health Clinic 718 Lake Jon,Health,Health
GNC 990 Patriciabe,Health,Gnc
Spotify 481 North Will,Entertainment,Spotify
AT&T 208 Adamsfort,Utilities,At&t
Urgent Care 866 New Christ,Health,Urgent
Lyft 869 East Krist,Transportation,Lyft
Dunkin 594 Foxville,Food & Drink,Dunkin
Etsy 818 South Jenn,Shopping,Etsy
Expedia 379 North Aaro,Travel,Expedia
CVS Pharmacy 254 South Lori,Health,Cvs
Vision Center 719 Knoxland,Health,Vision
Dental Office 112 West Grace,Health,Dental
Xfinity 247 Port Juan,Utilities,Xfinity
Shell Gas 161 South Rhon,Transportation,Shell
United Airlines 133 South Maur,Travel,United
Reversal 537 Zacharymou,Miscellaneous,Reversal
Uber Airport 984 West Jose,Travel,Uber
Comcast 281 Port Terre,Utilities,Comcast
National Grid 471 New Davidm,Utilities,National
McDonald's 909 Maxwellfor,Food & Drink,Mcdonald's
Walmart 511 South Kimb,Shopping,Walmart
Xbox Live 264 East Steve,Entertainment,Xbox
Bank Fee 978 Lisatown,Miscellaneous,Bank
Uber 357 East Evan,Transportation,Uber
Pizza Hut 285 Andersonsh,Food & Drink,Pizza
CashApp 243 Donnaview,Miscellaneous,Cashapp
Walmart 169 Lake Hanna,Shopping,Walmart
Chevron 501 North John,Transportation,Chevron
Best Buy 635 Marshberg,Shopping,Best
Xbox Live 910 Charlesbur,Entertainment,Xbox
McDonald's 945 East John,Food & Drink,Mcdonald's
Electric Co. 877 South Chri,Utilities,Electric
MetroCard NYC 639 South Tyro,Transportation,Metrocard
Chipotle 646 Michaelhav,Food & Drink,Chipotle
KFC 881 West Cathe,Food & Drink,Kfc
Reversal 822 Destinysta,Miscellaneous,Reversal
ExxonMobil 710 Jonathanst,Transportation,Exxonmobil
Chipotle 827 New Karent,Food & Drink,Chipotle
CVS Pharmacy 433 West Donal,Health,Cvs
Marriott 160 Stevenberg,Travel,Marriott
Macy's 553 Walkerbury,Shopping,Macy's
PlayStation Store 805 Reynoldsvi,Entertainment,Playstation
Walgreens 902 Lake Timot,Health,Walgreens
Bank Fee 579 North Rich,Miscellaneous,Bank
Dunkin 145 Timothyvie,Food & Drink,Dunkin
ACH Transfer 331 Melaniefor,Miscellaneous,Ach
TripAdvisor 460 Trujillofo,Travel,Tripadvisor
Check Deposit 111 Christinem,Miscellaneous,Check
Dental Office 520 West Diane,Health,Dental
Walmart 138 Jeffreyber,Shopping,Walmart
Vision Center 329 Port Marga,Health,Vision
Shell Gas 845 Port Jeffr,Transportation,Shell
Electric Co. 325 Port Melis,Utilities,Electric
Xfinity 430 East Valer,Utilities,Xfinity
Hulu 888 South Debo,Entertainment,Hulu
Spotify 871 Mortonmout,Entertainment,Spotify
CashApp 697 North Coll,Miscellaneous,Cashapp
Health Clinic 923 Port Erik,Health,Health
Health Clinic 643 West Cynth,Health,Health
Starbucks 878 East Tammy,Food & Drink,Starbucks
AMC Theatres 206 West Lisa,Entertainment,Amc
United Airlines 764 Billyhaven,Travel,United
Hilton 348 New Carrie,Travel,Hilton
CashApp 847 Scottland,Miscellaneous,Cashapp
Starbucks 737 East Gabri,Food & Drink,Starbucks
Spotify 886 Archerfort,Entertainment,Spotify
Best Buy 354 Port Angel,Shopping,Best
Shell Gas 303 Abbottboro,Transportation,Shell
Starbucks 264 North Just,Food & Drink,Starbucks
Disney+ 308 Dominiqueb,Entertainment,Disney+
Xbox Live 279 South Kimb,Entertainment,Xbox
Walgreens 814 North Mich,Health,Walgreens
Disney+ 378 East Rhond,Entertainment,Disney+
AT&T 778 West Sandr,Utilities,At&t
Reversal 303 Jenniferha,Miscellaneous,Reversal
Xfinity 416 Barnesvill,Utilities,Xfinity
Xfinity 114 Kaitlinpor,Utilities,Xfinity
Etsy 875 South Mari,Shopping,Etsy
TripAdvisor 702 Harrington,Travel,Tripadvisor
Uber 753 North Patr,Transportation,Uber
Netflix 511 Russellmou,Entertainment,Netflix
Marriott 528 Jamesshire,Travel,Marriott
AT&T 980 South Mary,Utilities,At&t
CVS Pharmacy 690 Lake Alici,Health,Cvs
Vision Center 580 Hugheston,Health,Vision
AT&T 845 Williamssh,Utilities,At&t
McDonald's 981 Brownberg,Food & Drink,Mcdonald's
Marriott 932 East Maryb,Travel,Marriott
AT&T 825 North Rich,Utilities,At&t
Uber Airport 627 Port Dusti,Travel,Uber
Netflix 308 West Sarah,Entertainment,Netflix
Xbox Live 158 Lake Cryst,Entertainment,Xbox
Amazon 154 Perrychest,Shopping,Amazon
Dunkin 377 Jasonborou,Food & Drink,Dunkin
Dental Office 362 Robertsonf,Health,Dental
Walgreens 453 North Chri,Health,Walgreens
Dunkin 400 West Katie,Food & Drink,Dunkin
AT&T 419 Tracybury,Utilities,At&t
Shell Gas 808 Lake Brian,Transportation,Shell
Twitch 460 South Kell,Entertainment,Twitch
Walmart 820 Lake Rober,Shopping,Walmart
Unknown Charge 510 West Chris,Miscellaneous,Unknown
Chipotle 939 North Barr,Food & Drink,Chipotle
Marriott 869 Markville,Travel,Marriott
Hilton 986 Lake Grego,Travel,Hilton
Health Clinic 475 Bradleyche,Health,Health
Amazon 888 Michaelpor,Shopping,Amazon
CVS Pharmacy 409 East Lisab,Health,Cvs
Uber 313 Port David,Transportation,Uber
Health Clinic 238 Victoriaha,Health,Health
Amazon 738 South Joan,Shopping,Amazon
TripAdvisor 545 South Jo,Travel,Tripadvisor
Shell Gas 675 North Gwen,Transportation,Shell
Pizza Hut 758 East Annla,Food & Drink,Pizza
Marriott 835 Lake Amand,Travel,Marriott
Costco 778 Sarahville,Shopping,Costco
PlayStation Store 237 Lake David,Entertainment,Playstation
Etsy 435 Nicolefort,Shopping,Etsy
Delta Airlines 256 Sharpview,Travel,Delta
Disney+ 637 Michaelsid,Entertainment,Disney+
Amazon 193 Wesleyport,Shopping,Amazon
GNC 180 Henryside,Health,Gnc
Target 141 Port Sheen,Shopping,Target
Donation 677 West Jonat,Miscellaneous,Donation
PlayStation Store 960 North Oliv,Entertainment,Playstation
CVS Pharmacy 936 Hernandezv,Health,Cvs
GNC 623 Douglasbor,Health,Gnc
Amtrak 795 Lake Micha,Transportation,Amtrak
PlayStation Store 266 South Ashl,Entertainment,Playstation
United Airlines 270 Daniellebe,Travel,United
Donation 403 Greenside,Miscellaneous,Donation
National Grid 321 East David,Utilities,National
Marriott 241 East Brent,Travel,Marriott
Etsy 990 West Kimbe,Shopping,Etsy
PlayStation Store 520 Phillipsbu,Entertainment,Playstation
Comcast 973 Lake Ianch,Utilities,Comcast
Etsy 348 South Cody,Shopping,Etsy
BP 212 Port Kevin,Transportation,Bp
Donation 593 Lake Anaha,Miscellaneous,Donation
ACH Transfer 963 New Anthon,Miscellaneous,Ach
GNC 963 New Richar,Health,Gnc
Bank Fee 718 Kevinfurt,Miscellaneous,Bank
Interest Credit 689 Bishopshir,Miscellaneous,Interest
PlayStation Store 157 Lake Stacy,Entertainment,Playstation
United Airlines 240 New Zachar,Travel,United
Best Buy 314 Katelynvie,Shopping,Best
Hulu 924 South Cath,Entertainment,Hulu
ACH Transfer 208 Savannahbu,Miscellaneous,Ach
IKEA 700 East Lisa,Shopping,Ikea
Delta Airlines 250 Joshuafurt,Travel,Delta
Lyft 913 New Alison,Transportation,Lyft
ACH Transfer 270 Scottmouth,Miscellaneous,Ach
Walgreens 793 East Rober,Health,Walgreens
Airbnb 828 New Cheyen,Travel,Airbnb
Netflix 901 Aaronville,Entertainment,Netflix
Chipotle 439 West Bryan,Food & Drink,Chipotle
Health Clinic 883 Hectorberg,Health,Health
Interest Credit 351 Sanchezpor,Miscellaneous,Interest
Reversal 759 South Laur,Miscellaneous,Reversal
Health Clinic 810 North Emil,Health,Health
Marriott 177 Brianshire,Travel,Marriott
Health Clinic 950 North Lisa,Health,Health
Target 228 Reedmouth,Shopping,Target
Rite Aid 102 East Jonat,Health,Rite
CashApp 360 West Patri,Miscellaneous,Cashapp
Airbnb 132 Riversview,Travel,Airbnb
Hulu 286 South Kris,Entertainment,Hulu
Expedia 117 North Kimb,Travel,Expedia
Walgreens 627 East Steve,Health,Walgreens
Lyft 616 Anthonylan,Transportation,Lyft
TripAdvisor 297 Port James,Travel,Tripadvisor
Chevron 242 East James,Transportation,Chevron
Starbucks 637 Cynthiatow,Food & Drink,Starbucks
AT&T 411 Brittanybo,Utilities,At&t
Bank Fee 632 Elizabethv,Miscellaneous,Bank
MetroCard NYC 480 Sanchezvie,Transportation,Metrocard
Hulu 154 Lake Sheil,Entertainment,Hulu
Costco 229 Stephanieb,Shopping,Costco
AT&T 924 Rebeccabur,Utilities,At&t
Donation 115 Jasminetow,Miscellaneous,Donation
Twitch 111 North John,Entertainment,Twitch
PG&E 107 Lake Beth,Utilities,Pg&e
Comcast 502 Valeriesta,Utilities,Comcast
Lyft 973 Susanstad,Transportation,Lyft
Amtrak 536 Guerraburg,Transportation,Amtrak
United Airlines 109 Cassidybur,Travel,United
Domino's 220 Millshaven,Food & Drink,Domino's
Xbox Live 519 Fryebury,Entertainment,Xbox
Etsy 597 Nicholasfu,Shopping,Etsy
Donation 351 East Jason,Miscellaneous,Donation
TripAdvisor 584 South Alis,Travel,Tripadvisor
Health Clinic 721 Howellview,Health,Health
IKEA 222 Bensonvill,Shopping,Ikea
Comcast 975 Reyesfort,Utilities,Comcast
ExxonMobil 683 Parkerboro,Transportation,Exxonmobil
Airbnb 866 Jorgehaven,Travel,Airbnb
Best Buy 556 Fernandezl,Shopping,Best
Bank Fee 380 Bobbychest,Miscellaneous,Bank
Comcast 698 Stephaniem,Utilities,Comcast
IKEA 601 South Broo,Shopping,Ikea
Lyft 341 Ashleyberg,Transportation,Lyft
Uber 259 Davidfurt,Transportation,Uber
Interest Credit 822 Port Micha,Miscellaneous,Interest
Marriott 600 North Shan,Travel,Marriott
Amtrak 789 Aaronmouth,Transportation,Amtrak
Lyft 793 Matthewvie,Transportation,Lyft
ACH Transfer 914 Lake John,Miscellaneous,Ach
Interest Credit 366 Franklinfu,Miscellaneous,Interest
Target 568 Lake Katie,Shopping,Target
Panda Express 489 Warrenport,Food & Drink,Panda
United Airlines 290 Port Kenne,Travel,United
Donation 270 East Rober,Miscellaneous,Donation
Best Buy 963 Port Danie,Shopping,Best
Bank Fee 710 East Loris,Miscellaneous,Bank
Marriott 324 Brucetown,Travel,Marriott
CVS Pharmacy 723 North Jess,Health,Cvs
Health Clinic 449 Nicolehave,Health,Health
Comcast 841 Noahton,Utilities,Comcast
Walgreens 160 Brianton,Health,Walgreens
Target 890 Port Steve,Shopping,Target
ACH Transfer 334 Levineburg,Miscellaneous,Ach
ACH Transfer 906 Jonathanla,Miscellaneous,Ach
Expedia 862 Dorseyport,Travel,Expedia
Disney+ 874 East Micha,Entertainment,Disney+
AMC Theatres 600 Fergusonbu,Entertainment,Amc
GNC 310 New Sarah,Health,Gnc
Twitch 742 West James,Entertainment,Twitch
Hilton 712 East Cathe,Travel,Hilton
IKEA 900 Michaelmou,Shopping,Ikea
Reversal 564 Kingview,Miscellaneous,Reversal
Bank Fee 567 Bestberg,Miscellaneous,Bank
Target 278 Johnton,Shopping,Target
Xbox Live 148 Lake Kevin,Entertainment,Xbox
Marriott 656 Joshuafort,Travel,Marriott
Dunkin 407 Port Dana,Food & Drink,Dunkin
Dunkin 371 East Corey,Food & Drink,Dunkin
National Grid 704 Lake Nicol,Utilities,National
Amazon 932 Watkinsfor,Shopping,Amazon
Disney+ 531 Steveville,Entertainment,Disney+
Best Buy 803 South Jose,Shopping,Best
Shell Gas 718 Mercadovie,Transportation,Shell
Dunkin 785 New Robert,Food & Drink,Dunkin
Shell Gas 557 Port Jenni,Transportation,Shell
Walmart 682 East Erica,Shopping,Walmart
Dunkin 414 Matthewtow,Food & Drink,Dunkin
Starbucks 745 Espinozash,Food & Drink,Starbucks
Disney+ 247 Port Patri,Entertainment,Disney+
IKEA 349 Port Rober,Shopping,Ikea
Airbnb 701 Angelview,Travel,Airbnb
Macy's 387 Brianabury,Shopping,Macy's
Reversal 577 Coreyborou,Miscellaneous,Reversal
Electric Co. 152 Timothybur,Utilities,Electric
PlayStation Store 667 Amyborough,Entertainment,Playstation
Panda Express 625 Port Danie,Food & Drink,Panda
PlayStation Store 106 Lake Chris,Entertainment,Playstation
Hilton 380 West Josep,Travel,Hilton
Verizon 785 Katieberg,Utilities,Verizon
Walmart 806 Samanthavi,Shopping,Walmart
Amazon 606 Margaretvi,Shopping,Amazon
MetroCard NYC 735 West Ronni,Transportation,Metrocard
Hulu 608 Josephtown,Entertainment,Hulu
Walmart 392 Williamber,Shopping,Walmart
United Airlines 209 Port Laura,Travel,United
BP 673 East Vince,Transportation,Bp
National Grid 815 Christinef,Utilities,National
Electric Co. 217 Port Devin,Utilities,Electric
Best Buy 654 Matthewbor,Shopping,Best
Check Deposit 426 Garciashir,Miscellaneous,Check
Chevron 981 Amyside,Transportation,Chevron
Target 474 Beckerfort,Shopping,Target
Domino's 362 Lewisfurt,Food & Drink,Domino's
Etsy 656 Mooretown,Shopping,Etsy
Bank Fee 791 Port Matth,Miscellaneous,Bank
Amtrak 657 Shirleyfor,Transportation,Amtrak
Interest Credit 403 Powellboro,Miscellaneous,Interest
Dunkin 609 New Katiev,Food & Drink,Dunkin
Walmart 362 Port Krist,Shopping,Walmart
MetroCard NYC 130 Campbellch,Transportation,Metrocard
Marriott 213 New Mark,Travel,Marriott
Donation 342 Mirandafor,Miscellaneous,Donation
Target 259 Richardton,Shopping,Target
Uber 993 North Kimb,Transportation,Uber
Dental Office 738 Timothyshi,Health,Dental
United Airlines 623 Robinsonbu,Travel,United
United Airlines 654 East Chris,Travel,United
McDonald's 476 Lake Lisa,Food & Drink,Mcdonald's
ACH Transfer 500 Andrewches,Miscellaneous,Ach
Costco 989 Donnaborou,Shopping,Costco
Expedia 138 Thomasburg,Travel,Expedia
Check Deposit 301 North Eliz,Miscellaneous,Check
PlayStation Store 244 Allenchest,Entertainment,Playstation
United Airlines 460 Julieberg,Travel,United
Twitch 506 Herrerabur,Entertainment,Twitch
Expedia 300 Port Susan,Travel,Expedia
Uber Airport 908 New Amymou,Travel,Uber
CashApp 932 Martinches,Miscellaneous,Cashapp
Best Buy 400 South Ambe,Shopping,Best
TripAdvisor 926 South Jaso,Travel,Tripadvisor
Reversal 112 Williammou,Miscellaneous,Reversal
Lyft 332 Carmenfurt,Transportation,Lyft
Chevron 669 Martinches,Transportation,Chevron
Vision Center 853 Karenville,Health,Vision
National Grid 669 South Kris,Utilities,National
ACH Transfer 488 North Rich,Miscellaneous,Ach
Hulu 434 Jamesbury,Entertainment,Hulu
Chipotle 739 Martinezbo,Food & Drink,Chipotle
Uber 339 Daniellemo,Transportation,Uber
AT&T 515 North Mich,Utilities,At&t
Netflix 342 North Pete,Entertainment,Netflix
Marriott 708 Robinsonbu,Travel,Marriott
Amtrak 597 Nashville,Transportation,Amtrak
Chipotle 250 Lake Ianvi,Food & Drink,Chipotle
Dunkin 191 East Kenne,Food & Drink,Dunkin
Disney+ 119 Deantown,Entertainment,Disney+
IKEA 642 Garyville,Shopping,Ikea
United Airlines 197 South Virg,Travel,United
Etsy 753 Rodriguezs,Shopping,Etsy
Target 564 Rosshaven,Shopping,Target
Airbnb 790 North Laur,Travel,Airbnb
Electric Co. 979 Port Tiffa,Utilities,Electric
Electric Co. 942 South Mich,Utilities,Electric
Check Deposit 969 New James,Miscellaneous,Check
United Airlines 927 Merrittshi,Travel,United
United Airlines 730 Martinezpo,Travel,United
PG&E 362 North Andr,Utilities,Pg&e
Chevron 984 East Danie,Transportation,Chevron
Expedia 708 North Jord,Travel,Expedia
Health Clinic 602 West Jeffr,Health,Health
BP 858 New Jim,Transportation,Bp
United Airlines 893 South Derr,Travel,United
Macy's 144 Fishervill,Shopping,Macy's
Vision Center 621 Haynesbury,Health,Vision
Uber 701 New Annamo,Transportation,Uber
Amazon 415 South Nich,Shopping,Amazon
Pizza Hut 134 East Tony,Food & Drink,Pizza
PG&E 537 Brandonche,Utilities,Pg&e
Check Deposit 690 Anthonymou,Miscellaneous,Check
Urgent Care 571 Riddlefurt,Health,Urgent
Netflix 684 North Kris,Entertainment,Netflix
Rite Aid 511 South Kath,Health,Rite
Etsy 801 Lake Kelse,Shopping,Etsy
Panda Express 395 New Jennif,Food & Drink,Panda
Rite Aid 395 Michellepo,Health,Rite
Netflix 147 North Kevi,Entertainment,Netflix
Uber Airport 877 Amandabury,Travel,Uber
Macy's 747 Philipmout,Shopping,Macy's
Expedia 695 Deanview,Travel,Expedia
Netflix 830 North Patr,Entertainment,Netflix
Marriott 890 West Ronal,Travel,Marriott
Etsy 747 New Patric,Shopping,Etsy
Health Clinic 807 West Jenni,Health,Health
Walgreens 105 West Drew,Health,Walgreens
Lyft 292 Hunthaven,Transportation,Lyft
BP 496 New Brenda,Transportation,Bp
Marriott 986 New Joseph,Travel,Marriott
T-Mobile 641 South Rand,Utilities,T-mobile
Amtrak 722 Port Jillp,Transportation,Amtrak
PlayStation Store 448 West Angel,Entertainment,Playstation
Etsy 284 Port Samue,Shopping,Etsy
Uber Airport 651 Port Hanna,Travel,Uber
Xfinity 243 Jessicashi,Utilities,Xfinity
Urgent Care 246 South Wend,Health,Urgent
Comcast 394 Lake Paulv,Utilities,Comcast
CVS Pharmacy 160 South Jose,Health,Cvs
Etsy 922 Velasquezb,Shopping,Etsy
AT&T 763 Pamelaview,Utilities,At&t
McDonald's 426 Gloriaburg,Food & Drink,Mcdonald's
Walgreens 401 Bushmouth,Health,Walgreens
Delta Airlines 530 North Mich,Travel,Delta
Walmart 574 Adamsfort,Shopping,Walmart
Spotify 854 South Lori,Entertainment,Spotify
Xfinity 896 Port Gina,Utilities,Xfinity
KFC 847 North John,Food & Drink,Kfc
Airbnb 639 South Terr,Travel,Airbnb
Dental Office 847 Pittmanvie,Health,Dental
Chevron 888 New Rodney,Transportation,Chevron
Walgreens 408 Karlafurt,Health,Walgreens
Hilton 207 Lake Kathl,Travel,Hilton
PlayStation Store 980 New Ebony,Entertainment,Playstation
MetroCard NYC 237 Wilsonfurt,Transportation,Metrocard
AT&T 313 Stephenmou,Utilities,At&t
IKEA 545 Kennethshi,Shopping,Ikea
Marriott 317 Vegacheste,Travel,Marriott
Hulu 833 East Joshu,Entertainment,Hulu
Spotify 295 Cainfort,Entertainment,Spotify
Uber Airport 685 Gatestown,Travel,Uber
ACH Transfer 913 Port Shirl,Miscellaneous,Ach
Spotify 444 North Tany,Entertainment,Spotify
Disney+ 591 South Jame,Entertainment,Disney+
Starbucks 284 Delgadoche,Food & Drink,Starbucks
Unknown Charge 922 Grantmouth,Miscellaneous,Unknown
Twitch 504 Molinahave,Entertainment,Twitch
PG&E 617 Patriciabe,Utilities,Pg&e
TripAdvisor 909 North Step,Travel,Tripadvisor
National Grid 432 West Jasmi,Utilities,National
Chevron 492 Richardlan,Transportation,Chevron
Marriott 877 Gibsonside,Travel,Marriott
CashApp 888 East Kayla,Miscellaneous,Cashapp
Chevron 715 Daleberg,Transportation,Chevron
Best Buy 507 Port Nicol,Shopping,Best
Vision Center 276 North Joan,Health,Vision
Starbucks 731 Richardvie,Food & Drink,Starbucks
Best Buy 306 Ruthfort,Shopping,Best
Macy's 305 South Shel,Shopping,Macy's
Vision Center 352 Lake Patri,Health,Vision
ExxonMobil 152 North Jeff,Transportation,Exxonmobil
KFC 955 New Brooke,Food & Drink,Kfc
Vision Center 357 Port Felic,Health,Vision
Shell Gas 775 Stanleybur,Transportation,Shell
Amazon 823 Christophe,Shopping,Amazon
Verizon 333 Christophe,Utilities,Verizon
Starbucks 797 Port Brian,Food & Drink,Starbucks
Verizon 454 Collinsfor,Utilities,Verizon
PG&E 582 Wendyfort,Utilities,Pg&e
MetroCard NYC 937 Escobarsid,Transportation,Metrocard
National Grid 168 West Regin,Utilities,National
Domino's 393 West Jackc,Food & Drink,Domino's
GNC 769 Allenmouth,Health,Gnc
Airbnb 676 Griffithfo,Travel,Airbnb
Best Buy 175 West Ashle,Shopping,Best
Vision Center 785 Port Vanes,Health,Vision
McDonald's 518 North Chri,Food & Drink,Mcdonald's
Bank Fee 895 Wilsonberg,Miscellaneous,Bank
ACH Transfer 896 East Chadb,Miscellaneous,Ach
KFC 832 East Jacob,Food & Drink,Kfc
AMC Theatres 460 Jeffreyshi,Entertainment,Amc
Spotify 599 Julieside,Entertainment,Spotify
Walgreens 431 Riverafurt,Health,Walgreens
PG&E 948 Collinsbor,Utilities,Pg&e
Best Buy 658 Jeremiahvi,Shopping,Best
Expedia 561 Millershir,Travel,Expedia
TripAdvisor 987 Mendozapor,Travel,Tripadvisor
Walgreens 109 Rebeccache,Health,Walgreens
Electric Co. 245 Gillport,Utilities,Electric
Xbox Live 140 Jeffreyfor,Entertainment,Xbox
Airbnb 354 Brenttown,Travel,Airbnb
National Grid 984 Port Jeann,Utilities,National
Reversal 435 North Rene,Miscellaneous,Reversal
Verizon 154 North Vero,Utilities,Verizon
Donation 577 Chandlerch,Miscellaneous,Donation
Amazon 598 North Jaim,Shopping,Amazon
Comcast 813 East Jason,Utilities,Comcast
Costco 392 New Sally,Shopping,Costco
Walmart 726 South Alex,Shopping,Walmart
KFC 850 North Terr,Food & Drink,Kfc
Amazon 376 Baxtermout,Shopping,Amazon
Marriott 295 East Kenne,Travel,Marriott
Walmart 792 Kristiberg,Shopping,Walmart
Chevron 717 Harrisberg,Transportation,Chevron
Best Buy 408 Hopkinston,Shopping,Best
CVS Pharmacy 954 Hughesboro,Health,Cvs
Interest Credit 189 Vargaston,Miscellaneous,Interest
AMC Theatres 112 Greenchest,Entertainment,Amc
Marriott 304 Annefurt,Travel,Marriott
ACH Transfer 387 South Jake,Miscellaneous,Ach
United Airlines 421 New Tyler,Travel,United
United Airlines 934 South Ange,Travel,United
Reversal 592 Shawnburgh,Miscellaneous,Reversal
KFC 233 Lake Nicho,Food & Drink,Kfc
MetroCard NYC 497 Cindyborou,Transportation,Metrocard
Costco 179 Davisfurt,Shopping,Costco
Xbox Live 874 Lake Sandy,Entertainment,Xbox
Uber Airport 123 Kellyview,Travel,Uber
Lyft 808 Clarkemout,Transportation,Lyft
McDonald's 955 Tinafurt,Food & Drink,Mcdonald's
TripAdvisor 335 Port Chris,Travel,Tripadvisor
Rite Aid 912 New Lori,Health,Rite
Check Deposit 579 Simsfurt,Miscellaneous,Check
Walmart 977 Hendricksp,Shopping,Walmart
TripAdvisor 258 Garciafurt,Travel,Tripadvisor
Electric Co. 227 Iantown,Utilities,Electric
Dunkin 152 West Shane,Food & Drink,Dunkin
Domino's 676 North Cind,Food & Drink,Domino's
GNC 978 South Jess,Health,Gnc
Domino's 335 New Caroly,Food & Drink,Domino's
Spotify 675 Keithbury,Entertainment,Spotify
Marriott 769 South Robe,Travel,Marriott
Health Clinic 256 South Zach,Health,Health
Amtrak 511 Donnatown,Transportation,Amtrak
Health Clinic 753 Morganfurt,Health,Health
Delta Airlines 315 Deborahvil,Travel,Delta
PlayStation Store 525 Lake Ericp,Entertainment,Playstation
Uber 460 Grossmouth,Transportation,Uber
Unknown Charge 747 South Davi,Miscellaneous,Unknown
Starbucks 842 Christianb,Food & Drink,Starbucks
ACH Transfer 192 South Mari,Miscellaneous,Ach
Delta Airlines 928 Josephfort,Travel,Delta
Airbnb 349 New Robert,Travel,Airbnb
McDonald's 500 New Patric,Food & Drink,Mcdonald's
PG&E 983 Mortonberg,Utilities,Pg&e
Amtrak 634 Taylorside,Transportation,Amtrak
Etsy 358 West Codys,Shopping,Etsy
Comcast 804 West Willi,Utilities,Comcast
Walgreens 416 Port Laura,Health,Walgreens
PlayStation Store 622 Hollyside,Entertainment,Playstation
Netflix 974 West Marym,Entertainment,Netflix
Airbnb 987 Karenbury,Travel,Airbnb
PlayStation Store 497 Michaelhav,Entertainment,Playstation
Vision Center 829 Williamsbu,Health,Vision
Bank Fee 558 Christophe,Miscellaneous,Bank
Pizza Hut 763 East Kryst,Food & Drink,Pizza
Unknown Charge 166 Christinam,Miscellaneous,Unknown
Dental Office 780 Lake Shari,Health,Dental
ExxonMobil 619 West Micha,Transportation,Exxonmobil
Amazon 297 Millerboro,Shopping,Amazon
Marriott 187 Lake Jessi,Travel,Marriott
Vision Center 115 New Timoth,Health,Vision
Spotify 500 East Willi,Entertainment,Spotify
Dunkin 402 East Randy,Food & Drink,Dunkin
AMC Theatres 665 West Antho,Entertainment,Amc
Panda Express 745 Port Eliza,Food & Drink,Panda
Interest Credit 505 Pollardbor,Miscellaneous,Interest
IKEA 503 Brucefort,Shopping,Ikea
PG&E 243 Port Brook,Utilities,Pg&e
Xbox Live 943 Deanmouth,Entertainment,Xbox
Twitch 455 East Sandy,Entertainment,Twitch
T-Mobile 493 Lake Samue,Utilities,T-mobile
TripAdvisor 925 East Richa,Travel,Tripadvisor
Xbox Live 688 Jennifersi,Entertainment,Xbox
PG&E 928 Crystalfur,Utilities,Pg&e
Amazon 571 East Jessi,Shopping,Amazon
Target 299 Henryburgh,Shopping,Target
Pizza Hut 171 West Debor,Food & Drink,Pizza
Vision Center 648 East Thoma,Health,Vision
Uber Airport 613 Matthewbur,Travel,Uber
Twitch 192 Jonathonmo,Entertainment,Twitch
ACH Transfer 826 Stephanieb,Miscellaneous,Ach
Etsy 566 Lake Eliza,Shopping,Etsy
Walmart 699 West Edwar,Shopping,Walmart
Pizza Hut 797 Margaretsh,Food & Drink,Pizza
Comcast 977 North Sean,Utilities,Comcast
Uber 536 Lake Rhond,Transportation,Uber
MetroCard NYC 159 South Mary,Transportation,Metrocard
Bank Fee 942 Porterview,Miscellaneous,Bank
United Airlines 981 Karlmouth,Travel,United
Walmart 410 Brownland,Shopping,Walmart
Donation 319 Samanthaha,Miscellaneous,Donation
Marriott 875 Gregorysid,Travel,Marriott
Chipotle 639 Woodmouth,Food & Drink,Chipotle
Amazon 292 Torresmout,Shopping,Amazon
Uber 514 Williamspo,Transportation,Uber
National Grid 134 West Hanna,Utilities,National
Walmart 158 North Dani,Shopping,Walmart
Rite Aid 584 Alexanderp,Health,Rite
Starbucks 915 Richview,Food & Drink,Starbucks
McDonald's 641 Laurieton,Food & Drink,Mcdonald's
Starbucks 583 Donnaton,Food & Drink,Starbucks
Dental Office 702 New Karen,Health,Dental
Check Deposit 622 Melissasid,Miscellaneous,Check
McDonald's 835 Port Jesus,Food & Drink,Mcdonald's
MetroCard NYC 745 Stephanieb,Transportation,Metrocard
Hulu 869 Ashleymout,Entertainment,Hulu
United Airlines 796 New Aaron,Travel,United
CashApp 316 West Danie,Miscellaneous,Cashapp
ACH Transfer 250 Port Jonla,Miscellaneous,Ach
Amtrak 784 Erincheste,Transportation,Amtrak
Netflix 527 Gabrielamo,Entertainment,Netflix
AMC Theatres 133 East Willi,Entertainment,Amc
Amazon 839 Wilkinsshi,Shopping,Amazon
Rite Aid 718 Johnmouth,Health,Rite
Unknown Charge 888 New Lisash,Miscellaneous,Unknown
Walmart 475 West Julie,Shopping,Walmart
AMC Theatres 214 Lake Wendy,Entertainment,Amc
Starbucks 343 Schneiderp,Food & Drink,Starbucks
GNC 887 Brittanypo,Health,Gnc
Costco 947 New Brenda,Shopping,Costco
Starbucks 239 Juliaton,Food & Drink,Starbucks
Uber 321 Victoriato,Transportation,Uber
BP 539 Dorothyche,Transportation,Bp
Uber Airport 414 South Kell,Travel,Uber
Donation 539 Elizabethb,Miscellaneous,Donation
IKEA 798 Danielberg,Shopping,Ikea
Reversal 538 West Rhond,Miscellaneous,Reversal
CVS Pharmacy 222 East David,Health,Cvs
Amazon 300 East Mark,Shopping,Amazon
Bank Fee 105 Triciavill,Miscellaneous,Bank
GNC 722 South Jenn,Health,Gnc
KFC 328 South Alej,Food & Drink,Kfc
Reversal 843 New Willia,Miscellaneous,Reversal
Chevron 687 West Angel,Transportation,Chevron
Verizon 385 Griffinfur,Utilities,Verizon
Dunkin 693 Duncanside,Food & Drink,Dunkin
Chipotle 435 Cabreralan,Food & Drink,Chipotle
Electric Co. 198 Scottshire,Utilities,Electric
Dental Office 519 Jenniferto,Health,Dental
IKEA 466 Erintown,Shopping,Ikea
Delta Airlines 880 West Charl,Travel,Delta
Interest Credit 152 North Marc,Miscellaneous,Interest
PlayStation Store 478 Westport,Entertainment,Playstation
CashApp 549 Lake Amand,Miscellaneous,Cashapp
Amtrak 208 East Phill,Transportation,Amtrak
Urgent Care 921 Michaelvie,Health,Urgent
IKEA 393 East Justi,Shopping,Ikea
MetroCard NYC 970 North Mark,Transportation,Metrocard
GNC 812 East Shawn,Health,Gnc
Target 592 Port Chadb,Shopping,Target
ACH Transfer 590 Michellech,Miscellaneous,Ach
CVS Pharmacy 521 East Jenni,Health,Cvs
Macy's 872 Tiffanyvil,Shopping,Macy's
Domino's 205 Mendezburg,Food & Drink,Domino's
Pizza Hut 763 Marymouth,Food & Drink,Pizza
Comcast 433 Josephtown,Utilities,Comcast
Unknown Charge 818 Dawsonbury,Miscellaneous,Unknown
Unknown Charge 629 New Timoth,Miscellaneous,Unknown
Netflix 297 South Jenn,Entertainment,Netflix
Marriott 559 Robertsber,Travel,Marriott
Shell Gas 970 Chambersmo,Transportation,Shell
Donation 145 Dianeview,Miscellaneous,Donation
Amazon 111 New Wendyf,Shopping,Amazon
Lyft 633 Kimshire,Transportation,Lyft
Chevron 851 Blackfort,Transportation,Chevron
ACH Transfer 924 Garyburgh,Miscellaneous,Ach
Panda Express 947 Hernandezs,Food & Drink,Panda
Spotify 861 West Brett,Entertainment,Spotify
AMC Theatres 575 Jacksonber,Entertainment,Amc
Disney+ 713 East Becky,Entertainment,Disney+
Xbox Live 171 Lake Chris,Entertainment,Xbox
Walmart 166 Poncehaven,Shopping,Walmart
MetroCard NYC 312 East Josep,Transportation,Metrocard
Amtrak 219 East Miche,Transportation,Amtrak
National Grid 650 New Emily,Utilities,National
Chipotle 807 Stanleyche,Food & Drink,Chipotle
Chipotle 660 Jacobport,Food & Drink,Chipotle
Disney+ 776 Moralesber,Entertainment,Disney+
Disney+ 923 Lake Chadt,Entertainment,Disney+
Xbox Live 280 Lake Kelse,Entertainment,Xbox
Target 104 Lake Ariel,Shopping,Target
Vision Center 613 Chapmanhav,Health,Vision
Xbox Live 420 Jessicapor,Entertainment,Xbox
ACH Transfer 773 Port Tonyb,Miscellaneous,Ach
Reversal 429 Alexandert,Miscellaneous,Reversal
Electric Co. 219 Ellisberg,Utilities,Electric
Chipotle 832 Petersonla,Food & Drink,Chipotle
Urgent Care 330 Clarkburgh,Health,Urgent
Etsy 784 West Micha,Shopping,Etsy
Chevron 400 Cookstad,Transportation,Chevron
Dental Office 519 Lake Brian,Health,Dental
ExxonMobil 148 Adriennefo,Transportation,Exxonmobil
Uber Airport 354 Margaretha,Travel,Uber
T-Mobile 207 Marymouth,Utilities,T-mobile
Airbnb 171 Gonzalezbo,Travel,Airbnb
Donation 150 Lake Jason,Miscellaneous,Donation
Best Buy 298 Brownview,Shopping,Best
Rite Aid 246 Benjaminto,Health,Rite
Vision Center 984 East Saman,Health,Vision
Panda Express 874 North Brit,Food & Drink,Panda
Reversal 603 West Thoma,Miscellaneous,Reversal
Chevron 102 North Kirs,Transportation,Chevron
McDonald's 952 North Step,Food & Drink,Mcdonald's
Xfinity 546 South Drew,Utilities,Xfinity
Shell Gas 925 Lake Joelt,Transportation,Shell
Lyft 402 Coreyberg,Transportation,Lyft
Amtrak 155 Simsstad,Transportation,Amtrak
Verizon 835 Lake Jessi,Utilities,Verizon
Xfinity 956 Shermanmou,Utilities,Xfinity
Macy's 283 New Robert,Shopping,Macy's
Lyft 492 North Adam,Transportation,Lyft
Disney+ 411 North Barr,Entertainment,Disney+
Dunkin 345 Walkermout,Food & Drink,Dunkin
Chevron 359 Taylorberg,Transportation,Chevron
AT&T 997 New Bradfo,Utilities,At&t
Delta Airlines 721 North Meli,Travel,Delta
Delta Airlines 990 Floydland,Travel,Delta
Donation 541 West Leah,Miscellaneous,Donation
ExxonMobil 601 Madisonsid,Transportation,Exxonmobil
Chevron 160 North Nico,Transportation,Chevron
Interest Credit 399 Madisonfur,Miscellaneous,Interest
GNC 547 Katrinabur,Health,Gnc
KFC 758 Brittneybu,Food & Drink,Kfc
Xfinity 560 South Josh,Utilities,Xfinity
Spotify 494 Benjaminbo,Entertainment,Spotify
Etsy 863 Barnesburg,Shopping,Etsy
Dental Office 747 Selenabury,Health,Dental
T-Mobile 120 Tanyaton,Utilities,T-mobile
MetroCard NYC 592 South Matt,Transportation,Metrocard
PlayStation Store 841 Bowenmouth,Entertainment,Playstation
Xbox Live 198 East Kevin,Entertainment,Xbox
AMC Theatres 787 Travisview,Entertainment,Amc
Disney+ 291 Combsmouth,Entertainment,Disney+
PlayStation Store 384 New John,Entertainment,Playstation
Donation 541 New Lauras,Miscellaneous,Donation
Amazon 224 Williamssh,Shopping,Amazon
Netflix 437 Lake Rhond,Entertainment,Netflix
McDonald's 927 Angelaches,Food & Drink,Mcdonald's
Starbucks 556 Brownborou,Food & Drink,Starbucks
Panda Express 907 Gwendolynt,Food & Drink,Panda
TripAdvisor 584 Shermantow,Travel,Tripadvisor
Rite Aid 424 Johnfurt,Health,Rite
AMC Theatres 174 Martinland,Entertainment,Amc
Urgent Care 926 North Jose,Health,Urgent
Interest Credit 499 East Willi,Miscellaneous,Interest
Donation 582 Garciatown,Miscellaneous,Donation
Target 415 Weberchest,Shopping,Target
Walmart 844 East Tommy,Shopping,Walmart
Electric Co. 432 West Antho,Utilities,Electric
Vision Center 423 New Christ,Health,Vision
Starbucks 483 East Julie,Food & Drink,Starbucks
Donation 678 Pearsonlan,Miscellaneous,Donation
Twitch 600 New Christ,Entertainment,Twitch
Xbox Live 212 West Matth,Entertainment,Xbox
KFC 750 Lake Erinb,Food & Drink,Kfc
Uber 583 Jessicahav,Transportation,Uber
Panda Express 559 Richardvil,Food & Drink,Panda
Xfinity 658 East Caitl,Utilities,Xfinity
Starbucks 424 Reillyport,Food & Drink,Starbucks
Uber Airport 347 Christianb,Travel,Uber
Electric Co. 730 Alexanderb,Utilities,Electric
Best Buy 951 Meganside,Shopping,Best
McDonald's 584 Port Pamel,Food & Drink,Mcdonald's
KFC 937 Lake Chris,Food & Drink,Kfc
Vision Center 190 Lake Thoma,Health,Vision
Comcast 431 East Randy,Utilities,Comcast
Xbox Live 812 Dennisfurt,Entertainment,Xbox
Unknown Charge 870 Mcintyreto,Miscellaneous,Unknown
Xfinity 610 East Haley,Utilities,Xfinity
T-Mobile 288 Lake Josep,Utilities,T-mobile
Rite Aid 879 Leachside,Health,Rite
ACH Transfer 480 South Dani,Miscellaneous,Ach
Netflix 791 South Eric,Entertainment,Netflix
ExxonMobil 402 East Cassa,Transportation,Exxonmobil
CVS Pharmacy 429 South Dani,Health,Cvs
Spotify 443 West James,Entertainment,Spotify
Expedia 150 West Olivi,Travel,Expedia
Bank Fee 104 Port James,Miscellaneous,Bank
Vision Center 213 South Lynn,Health,Vision
Panda Express 358 Charlesbur,Food & Drink,Panda
Disney+ 892 Williamsvi,Entertainment,Disney+
GNC 547 Christianc,Health,Gnc
McDonald's 315 West Maria,Food & Drink,Mcdonald's
MetroCard NYC 589 Bryantton,Transportation,Metrocard
Macy's 795 Suzanneton,Shopping,Macy's
Dunkin 387 Kennethsta,Food & Drink,Dunkin
Target 461 West Haley,Shopping,Target
CashApp 811 Jeffreymou,Miscellaneous,Cashapp
Health Clinic 244 South Vale,Health,Health
United Airlines 391 South Anna,Travel,United
Bank Fee 128 Philliptow,Miscellaneous,Bank
United Airlines 779 Davisport,Travel,United
Panda Express 464 East Patri,Food & Drink,Panda
ExxonMobil 391 Lynnton,Transportation,Exxonmobil
Dunkin 237 East Jenni,Food & Drink,Dunkin
AMC Theatres 572 Ashleystad,Entertainment,Amc
Xfinity 332 Mckinneyla,Utilities,Xfinity
GNC 108 Lake Chad,Health,Gnc
Marriott 731 North Mich,Travel,Marriott
Donation 282 Collinsvil,Miscellaneous,Donation
Bank Fee 400 New Amy,Miscellaneous,Bank
AT&T 401 Carolineha,Utilities,At&t
Airbnb 398 West Krist,Travel,Airbnb
Uber 818 East Brian,Transportation,Uber
McDonald's 386 New Christ,Food & Drink,Mcdonald's
GNC 216 Lawrencest,Health,Gnc
Dental Office 999 Castillofu,Health,Dental
Best Buy 781 South Eric,Shopping,Best
Dunkin 820 Valeriemou,Food & Drink,Dunkin
Xfinity 112 Spencerfur,Utilities,Xfinity
Urgent Care 698 Fergusonla,Health,Urgent
Chipotle 168 Brianburgh,Food & Drink,Chipotle
Check Deposit 835 West Rebek,Miscellaneous,Check
Macy's 301 Mcconnellt,Shopping,Macy's
Verizon 107 Mclaughlin,Utilities,Verizon
ACH Transfer 550 Charlesbor,Miscellaneous,Ach
Delta Airlines 671 East Tinab,Travel,Delta
Dental Office 668 Lake Steve,Health,Dental
Chipotle 319 North Sabr,Food & Drink,Chipotle
ACH Transfer 645 Rachelches,Miscellaneous,Ach
Xfinity 840 Kellyville,Utilities,Xfinity
McDonald's 364 Port Mary,Food & Drink,Mcdonald's
Walgreens 909 Wuview,Health,Walgreens
PG&E 230 Porterhave,Utilities,Pg&e
Macy's 164 West Russe,Shopping,Macy's
Rite Aid 538 Port Johns,Health,Rite
Etsy 151 East Micha,Shopping,Etsy
Best Buy 281 Johnbury,Shopping,Best
Verizon 567 Nicoleberg,Utilities,Verizon
Macy's 108 New Prisci,Shopping,Macy's
Spotify 740 Port Scott,Entertainment,Spotify
CashApp 592 Westside,Miscellaneous,Cashapp
Delta Airlines 505 South Paul,Travel,Delta
IKEA 187 Lake Paula,Shopping,Ikea
PG&E 321 South Jenn,Utilities,Pg&e
Bank Fee 724 East Willi,Miscellaneous,Bank
Check Deposit 808 Yangburgh,Miscellaneous,Check
Twitch 795 Steventown,Entertainment,Twitch
TripAdvisor 725 New James,Travel,Tripadvisor
Delta Airlines 170 East Patri,Travel,Delta
ExxonMobil 465 Andreafort,Transportation,Exxonmobil
Spotify 401 Hannaburgh,Entertainment,Spotify
Amtrak 819 Williambur,Transportation,Amtrak
Uber 381 Kathyfort,Transportation,Uber
Chipotle 568 East Gabri,Food & Drink,Chipotle
AT&T 349 Markshire,Utilities,At&t
Chipotle 717 East Sarah,Food & Drink,Chipotle
Vision Center 509 Pittschest,Health,Vision
Shell Gas 298 Michaelvie,Transportation,Shell
IKEA 603 Vickiborou,Shopping,Ikea
Disney+ 541 North Sean,Entertainment,Disney+
National Grid 881 Lake Timot,Utilities,National
Verizon 516 Lake Antho,Utilities,Verizon
Target 823 Lake Kimbe,Shopping,Target
Costco 251 South Core,Shopping,Costco
United Airlines 713 Port Willi,Travel,United
Verizon 385 West Loriv,Utilities,Verizon
Electric Co. 104 Jesusshire,Utilities,Electric
Uber 908 Fischerche,Transportation,Uber
Hulu 207 Jonesfort,Entertainment,Hulu
Best Buy 693 East Kimbe,Shopping,Best
National Grid 642 South Will,Utilities,National
Reversal 176 East Logan,Miscellaneous,Reversal
CVS Pharmacy 795 East Miche,Health,Cvs
Best Buy 255 Dennisview,Shopping,Best
Dental Office 529 North Fern,Health,Dental
Pizza Hut 522 Grahamfurt,Food & Drink,Pizza
Panda Express 316 Lake Jacki,Food & Drink,Panda
PG&E 523 West Tyler,Utilities,Pg&e
Reversal 278 East Donal,Miscellaneous,Reversal
Shell Gas 436 Robertsvie,Transportation,Shell
CashApp 273 South Nath,Miscellaneous,Cashapp
BP 345 East Micha,Transportation,Bp
Netflix 473 North Kell,Entertainment,Netflix
Rite Aid 869 West Chad,Health,Rite
Dunkin 631 South Erin,Food & Drink,Dunkin
Spotify 504 North Sama,Entertainment,Spotify
Costco 719 Dustintown,Shopping,Costco
Unknown Charge 138 Dawnfurt,Miscellaneous,Unknown
Spotify 973 Ericview,Entertainment,Spotify
MetroCard NYC 948 Wayneborou,Transportation,Metrocard
PlayStation Store 240 West Micha,Entertainment,Playstation
Pizza Hut 738 Wrightview,Food & Drink,Pizza
Xfinity 129 Spencersta,Utilities,Xfinity
Hilton 510 Port Timot,Travel,Hilton
Starbucks 221 Rogerhaven,Food & Drink,Starbucks
Verizon 695 East Melan,Utilities,Verizon
Lyft 923 Amandafort,Transportation,Lyft
Starbucks 513 Camposport,Food & Drink,Starbucks
Chipotle 153 Marksshire,Food & Drink,Chipotle
Check Deposit 256 Tabithache,Miscellaneous,Check
Spotify 410 Port Mary,Entertainment,Spotify
Etsy 348 Thomasport,Shopping,Etsy
Shell Gas 886 West Steph,Transportation,Shell
Xfinity 751 Ericstad,Utilities,Xfinity
MetroCard NYC 228 East Vince,Transportation,Metrocard
ACH Transfer 475 West Denis,Miscellaneous,Ach
Uber Airport 338 South Mich,Travel,Uber
Urgent Care 844 Lake Brand,Health,Urgent
Reversal 745 Lake Manue,Miscellaneous,Reversal
Hilton 794 New Adamha,Travel,Hilton
Target 585 East Markh,Shopping,Target
Electric Co. 892 Alexanders,Utilities,Electric
Pizza Hut 763 North Cass,Food & Drink,Pizza
Donation 287 New Rodney,Miscellaneous,Donation
Hulu 728 Daniellevi,Entertainment,Hulu
Uber Airport 841 Joshuaport,Travel,Uber
Bank Fee 436 Annaview,Miscellaneous,Bank
Best Buy 685 Thompsonst,Shopping,Best
Verizon 675 Morganmout,Utilities,Verizon
Walmart 570 Atkinsonbu,Shopping,Walmart
Rite Aid 978 Port Johnb,Health,Rite
PG&E 685 Woodport,Utilities,Pg&e
Domino's 348 Troyfurt,Food & Drink,Domino's
TripAdvisor 556 Floresport,Travel,Tripadvisor
AMC Theatres 758 New Victor,Entertainment,Amc
Chevron 556 East Jessi,Transportation,Chevron
Donation 532 Lake Aaron,Miscellaneous,Donation
Unknown Charge 114 Port Chris,Miscellaneous,Unknown
Hulu 120 East Joshu,Entertainment,Hulu
Uber 223 Brandonfur,Transportation,Uber
Hulu 707 West Rache,Entertainment,Hulu
Chipotle 371 Dunntown,Food & Drink,Chipotle
Rite Aid 216 Williammou,Health,Rite
GNC 857 East Lisa,Health,Gnc
Spotify 780 Loriport,Entertainment,Spotify
BP 496 Port Monic,Transportation,Bp
CVS Pharmacy 610 West Angel,Health,Cvs
MetroCard NYC 780 West Bradl,Transportation,Metrocard
MCDONALDS 13749 TX,Food & Drink,Mcdonalds
ACH CREDIT CAP ONE REF#,Income,Ach
PAYPAL *UBER 4029357733,Travel,Paypal
INTRST PYMNT,Income,Intrst
KFC*01234567890 VA,Food & Drink,Kfc*01234567890
AMZN Mktp US*AB2K31LZ3,Shopping,Amzn
VENMO CASHOUT 12345,Transfers,Venmo
NETFLIX.COM 866-579-7172,Entertainment,Netflix.com
CVS PHARMACY #1234,Health,Cvs
DOMINOS PIZZA 12345 MD,Food & Drink,Dominos
SHELL OIL 57489500,Bills & Utilities,Shell
SPOTIFY USA,Entertainment,Spotify
AIRBNB * RESERVATION,Travel,Airbnb
ZELLE TO JOHN DOE,Transfers,Zelle
CHK #1050,Miscellaneous,Chk
GOOGLE *YOUTUBE,Entertainment,Google
APPLE.COM/BILL,Shopping,Apple.com/bill
DOORDASH *ORDER,Food & Drink,Doordash
DELTA AIR 006242136789,Travel,Delta
TARGET T1234 SPRINGFIELD,Shopping,Target
UBER TRIP 1234 NYC,Travel,Uber
WALMART.COM 8009666546,Shopping,Walmart.com
WENDY'S 9876 MD,Food & Drink,Wendy's
WATER BILL CITY UTIL,Bills & Utilities,Water
T-MOBILE BILL PAYMENT,Bills & Utilities,T-mobile
FANDANGO MOVIE TICKETS,Entertainment,Fandango
GNC #324 FITNESS SUPP,Health,Gnc
CHASE CC PAYMENT,Transfers,Chase
INTEREST EARNED,Income,Interest
RENT PAYMENT APT 7B,Bills & Utilities,Rent
CHECK DEPOSIT,Income,Check
ATM WITHDRAWAL 12345,Transfers,Atm
ACME GROCERY #2345,Food & Drink,Acme
SUBWAY SANDWICHES,Food & Drink,Subway
LYFT RIDE 5678,Travel,Lyft
WELLS FARGO ONLINE PMT,Transfers,Wells
CHEWY PET SUPPLIES,Shopping,Chewy
VERIZON WIRELESS BILL,Bills & Utilities,Verizon
ELECTRIC BILL PEPCO,Bills & Utilities,Electric
